Accuracy,Precision,Recall,F1 Score,Confusion Matrix,Training Time (s),Model
0.8593905723191756,0.8098851205168053,0.985465331850204,0.8890896014183686,"13950, 6239; 392, 26578",0.2782325744628906,DecisionTree
0.8593693674590216,0.8095774476376035,0.986021505376344,0.889130362098365,"13934, 6255; 377, 26593",12.194847822189333,RandomForest
0.8591149091371743,0.8087181044957472,0.9871338524286244,0.8890632826849224,"13892, 6297; 347, 26623",0.9799079895019532,XGBoost
0.8403274030407769,0.7895269867746932,0.9827956989247312,0.8756235340755179,"13123, 7066; 464, 26506",1.0530953407287598,LogisticRegression
